Title,Price_Raw,Price_PKR,Size_Raw,Size_Marla,Listing_URL,City,Property_Type
7 Marla Brand New Ultra Modern And Beautiful House Available At Citi Housing Hot Location In A Town,2.68 Crore,26800000.0,7.0 Marla,7.0,https://www.zameen.com/Property/jhelum_citi_housing_scheme_7_marla_brand_new_ultra_modern_and_beautiful_house_available_at_citi_housing_hot_location_in_a_town-54520803-8433-1.html,Jhelum,House
10 Marla House Available For Sale On Investor Rate.,3.0 Crore,30000000.0,10.0 Marla,10.0,https://www.zameen.com/Property/jhelum_citi_housing_scheme_10_marla_house_available_for_sale_on_investor_rate-53883246-8433-1.html,Jhelum,House
10 Marla House Available For Sale On Investor Rate.,3.1 Crore,31000000.0,10.0 Marla,10.0,https://www.zameen.com/Property/jhelum_citi_housing_scheme_10_marla_house_available_for_sale_on_investor_rate-53967142-8433-1.html,Jhelum,House
5 Marla Ultra-Luxury House For Sale | Premium Construction Services On Installment Plans,2.5 Crore,25000000.0,5.0 Marla,5.0,https://www.zameen.com/Property/jhelum_citi_housing_scheme_5_marla_ultra-luxury_house_for_sale_premium_construction_services_on_installment_plans-52017552-8433-1.html,Jhelum,House
Exclusive 5 Marla Ultra Luxury Residence | Prime Location Citi Housing Jhelum,2.5 Crore,25000000.0,5.0 Marla,5.0,https://www.zameen.com/Property/jhelum_citi_housing_scheme_exclusive_5_marla_ultra_luxury_residence_prime_location_citi_housing_jhelum-53006397-8433-1.html,Jhelum,House
5 Marla House At Prime Main Location For Sale In Citi Housing Jhelum,1.9 Crore,19000000.0,5.0 Marla,5.0,https://www.zameen.com/Property/jhelum_citi_housing_scheme_5_marla_house_at_prime_main_location_for_sale_in_citi_housing_jhelum-54190901-8433-1.html,Jhelum,House
5 Marla Designer House For Sale In Citi Housing Jhelum,2.0 Crore,20000000.0,5.0 Marla,5.0,https://www.zameen.com/Property/jhelum_citi_housing_scheme_5_marla_designer_house_for_sale_in_citi_housing_jhelum-52951093-8433-1.html,Jhelum,House
5 Marla D Block Designer Concept House For Sale,2.2 Crore,22000000.0,5.0 Marla,5.0,https://www.zameen.com/Property/jhelum_citi_housing_scheme_5_marla_d_block_designer_concept_house_for_sale-54663089-8433-1.html,Jhelum,House
5 Marla Spanish House For Sale In Citi Housing Jhelum,2.1 Crore,21000000.0,5.0 Marla,5.0,https://www.zameen.com/Property/jhelum_citi_housing_scheme_5_marla_spanish_house_for_sale_in_citi_housing_jhelum-54144348-8433-1.html,Jhelum,House
5Marla House Available For sale in D block Citi housing Jhelum,1.9 Crore,19000000.0,5.0 Marla,5.0,https://www.zameen.com/Property/jhelum_citi_housing_scheme_5marla_house_available_for_sale_in_d_block_citi_housing_jhelum-54707963-8433-1.html,Jhelum,House
10 Marla Corner House In Askari 1 Jhelum City On Investor Rate.,4.75 Crore,47500000.0,10.0 Marla,10.0,https://www.zameen.com/Property/jhelum_cantt_10_marla_corner_house_in_askari_1_jhelum_city_on_investor_rate-53978835-707-1.html,Jhelum,House
7 Marla House for Sale 3 Side Open House | Citi Housing Jhelum.,2.95 Crore,29500000.0,7.0 Marla,7.0,https://www.zameen.com/Property/jhelum_citi_housing_scheme_7_marla_house_for_sale_3_side_open_house_citi_housing_jhelum-54599317-8433-1.html,Jhelum,House
5 Marla Modern Design With Mezzanine Floor House For Sale In E Block Citi Housing Jhelum,2.45 Crore,24500000.0,5.0 Marla,5.0,https://www.zameen.com/Property/jhelum_citi_housing_scheme_5_marla_modern_design_with_mezzanine_floor_house_for_sale_in_e_block_citi_housing_jhelum-51705527-8433-1.html,Jhelum,House
Victorian House For Sale On Investor Rate,1.65 Crore,16500000.0,5.0 Marla,5.0,https://www.zameen.com/Property/citi_housing_overseas_citi_housing_overseas_-_block_g_victorian_house_for_sale_on_investor_rate-53006328-20091-1.html,Jhelum,House
7 Marla Corner Plus 100 Feet Road House For Sale In Citi Housing Jhelum,2.9 Crore,29000000.0,7.0 Marla,7.0,https://www.zameen.com/Property/jhelum_citi_housing_scheme_7_marla_corner_plus_100_feet_road_house_for_sale_in_citi_housing_jhelum-54623712-8433-1.html,Jhelum,House
7 Marla House For Sale Citi Housing Jhelum,2.75 Crore,27500000.0,7.0 Marla,7.0,https://www.zameen.com/Property/jhelum_citi_housing_scheme_7_marla_house_for_sale_citi_housing_jhelum-54649707-8433-1.html,Jhelum,House
7 Marla ideal location house for sale Citi housing Jhelum,2.2 Crore,22000000.0,7.0 Marla,7.0,https://www.zameen.com/Property/jhelum_citi_housing_scheme_7_marla_ideal_location_house_for_sale_citi_housing_jhelum-54603884-8433-1.html,Jhelum,House
8 Marla Corner House For Sale In Citi Housing Jhelum,2.95 Crore,29500000.0,8.0 Marla,8.0,https://www.zameen.com/Property/jhelum_citi_housing_scheme_8_marla_corner_house_for_sale_in_citi_housing_jhelum-54665518-8433-1.html,Jhelum,House
7 Marla Possesion house For Sale In Citi Housing Jhelum,2.95 Crore,29500000.0,7.0 Marla,7.0,https://www.zameen.com/Property/jhelum_citi_housing_scheme_7_marla_possesion_house_for_sale_in_citi_housing_jhelum-54680846-8433-1.html,Jhelum,House
1 Kanal Luxury House Main Road Available For Sale In Citi Housing Jhelum,7.5 Crore,75000000.0,1.0 Kanal,20.0,https://www.zameen.com/Property/jhelum_citi_housing_scheme_1_kanal_luxury_house_main_road_available_for_sale_in_citi_housing_jhelum-54460413-8433-1.html,Jhelum,House
5 Marla Designer Concept House For Sale,1.99 Crore,19900000.0,5.0 Marla,5.0,https://www.zameen.com/Property/jhelum_citi_housing_scheme_5_marla_designer_concept_house_for_sale-54256469-8433-1.html,Jhelum,House
5 Marla House For Sale Ideal Location In Citi Housing Jhelum,1.49 Crore,14900000.0,5.0 Marla,5.0,https://www.zameen.com/Property/jhelum_citi_housing_scheme_5_marla_house_for_sale_ideal_location_in_citi_housing_jhelum-54263668-8433-1.html,Jhelum,House
5 Marla D Block Designer House For Sale,1.92 Crore,19200000.0,5.0 Marla,5.0,https://www.zameen.com/Property/jhelum_citi_housing_scheme_5_marla_d_block_designer_house_for_sale-54227235-8433-1.html,Jhelum,House
5 Marla D Block Designer Concept House For Sale,1.9 Crore,19000000.0,5.0 Marla,5.0,https://www.zameen.com/Property/jhelum_citi_housing_scheme_5_marla_d_block_designer_concept_house_for_sale-54192623-8433-1.html,Jhelum,House
1 Kanal Luxury House Available For Sale,6.75 Crore,67500000.0,1.0 Kanal,20.0,https://www.zameen.com/Property/jhelum_citi_housing_scheme_1_kanal_luxury_house_available_for_sale-53985318-8433-1.html,Jhelum,House
"Your Serene Retreat 5 Marla House In D Block, Citi Housing Jhelum",1.95 Crore,19500000.0,5.0 Marla,5.0,https://www.zameen.com/Property/jhelum_citi_housing_scheme_your_serene_retreat_5_marla_house_in_d_block_citi_housing_jhelum-51623668-8433-1.html,Jhelum,House
Exclusive 5 Marla Modern Residence | Prime Location Citi Housing Jhelum K Block,2.0 Crore,20000000.0,5.0 Marla,5.0,https://www.zameen.com/Property/jhelum_citi_housing_scheme_exclusive_5_marla_modern_residence_prime_location_citi_housing_jhelum_k_block-54464889-8433-1.html,Jhelum,House
Well-Constructed House Available For Sale In Citi Housing Scheme,1.61 Crore,16100000.000000002,5.0 Marla,5.0,https://www.zameen.com/Property/jhelum_citi_housing_scheme_well-constructed_house_available_for_sale_in_citi_housing_scheme-53712917-8433-1.html,Jhelum,House
"10 Marla Luxury Furnished House Available For Sale Citi Housing Jhelum ( H Block ) 8 Ac installed "" Fully Furnished Luxury , Main Boulevard + Park Near",4.9 Crore,49000000.0,10.0 Marla,10.0,https://www.zameen.com/Property/jhelum_citi_housing_scheme_10_marla_luxury_furnished_house_available_for_sale_citi_housing_jhelum_h_block_8_ac_installed_fully_furnished_luxury_main_boulevard_park_near-54494505-8433-1.html,Jhelum,House
1 Kanal House Available For Sale With Solar System & Furniture Installed In Best Reasonable Price,5.0 Crore,50000000.0,1.0 Kanal,20.0,https://www.zameen.com/Property/jhelum_citi_housing_scheme_1_kanal_house_available_for_sale_with_solar_system_furniture_installed_in_best_reasonable_price-54628558-8433-1.html,Jhelum,House
"7 M Spanished House Brand New Best Location Available For Sale "" D Block "" Citi Housing Jhelum """,2.78 Crore,27799999.999999996,7.0 Marla,7.0,https://www.zameen.com/Property/jhelum_citi_housing_scheme_7_m_spanished_house_brand_new_best_location_available_for_sale_d_block_citi_housing_jhelum-54607949-8433-1.html,Jhelum,House
Designer House With Futuristic Elevation,1.99 Crore,19900000.0,5.0 Marla,5.0,https://www.zameen.com/Property/jhelum_citi_housing_scheme_designer_house_with_futuristic_elevation-53789626-8433-1.html,Jhelum,House
Designer House With Modern Elevation,2.14 Crore,21400000.0,5.0 Marla,5.0,https://www.zameen.com/Property/jhelum_citi_housing_scheme_designer_house_with_modern_elevation-53789613-8433-1.html,Jhelum,House
Designer House With Innovative Elevation For Sale,2.14 Crore,21400000.0,5.0 Marla,5.0,https://www.zameen.com/Property/jhelum_citi_housing_scheme_designer_house_with_innovative_elevation_for_sale-53789546-8433-1.html,Jhelum,House
Aristo Spanish Villa For Sale,1.79 Crore,17900000.0,5.0 Marla,5.0,https://www.zameen.com/Property/jhelum_citi_housing_scheme_aristo_spanish_villa_for_sale-53962896-8433-1.html,Jhelum,House
10 Marla For Sale House In Citi Housing Jhelum,3.5 Crore,35000000.0,10.0 Marla,10.0,https://www.zameen.com/Property/jhelum_citi_housing_scheme_10_marla_for_sale_house_in_citi_housing_jhelum-54324251-8433-1.html,Jhelum,House
1 Kanal Luxury House Available For Sale In Citi Housing Jhelum,6.4 Crore,64000000.0,1.0 Kanal,20.0,https://www.zameen.com/Property/jhelum_citi_housing_scheme_1_kanal_luxury_house_available_for_sale_in_citi_housing_jhelum-54679958-8433-1.html,Jhelum,House
Own A House In 5 Marla Citi Housing Scheme,2.0 Crore,20000000.0,5.0 Marla,5.0,https://www.zameen.com/Property/jhelum_citi_housing_scheme_own_a_house_in_5_marla_citi_housing_scheme-54470349-8433-1.html,Jhelum,House
Designer House With Modern Elevation,1.99 Crore,19900000.0,5.0 Marla,5.0,https://www.zameen.com/Property/jhelum_citi_housing_scheme_designer_house_with_modern_elevation-53789622-8433-1.html,Jhelum,House
Aristo Arabian Villa For Sale,1.74 Crore,17400000.0,5.0 Marla,5.0,https://www.zameen.com/Property/jhelum_citi_housing_scheme_aristo_arabian_villa_for_sale-53962908-8433-1.html,Jhelum,House
"Fully Furnished Corner Villa For Sale, Ideal Location.",5.0 Crore,50000000.0,2.0 Kanal,40.0,https://www.zameen.com/Property/jhelum_mgh_-_mangla_green_housing_fully_furnished_corner_villa_for_sale_ideal_location-53742919-21183-1.html,Jhelum,House
Aristo Executive Villa For Sale,8.49 Crore,84900000.0,1.0 Kanal,20.0,https://www.zameen.com/Property/jhelum_citi_housing_scheme_aristo_executive_villa_for_sale-54256163-8433-1.html,Jhelum,House
House For Sale In Cantt Furnished On Investor Rate,9.0 Crore,90000000.0,16.0 Marla,16.0,https://www.zameen.com/Property/jhelum_cantt_house_for_sale_in_cantt_furnished_on_investor_rate-54189991-707-1.html,Jhelum,House
5 Marla House In K Block Available For Sale On Investor Rate,1.75 Crore,17500000.0,5.0 Marla,5.0,https://www.zameen.com/Property/jhelum_citi_housing_scheme_5_marla_house_in_k_block_available_for_sale_on_investor_rate-54435861-8433-1.html,Jhelum,House
Luxury 7 Marla House For Sale On Investore Rate,2.9 Crore,29000000.0,7.0 Marla,7.0,https://www.zameen.com/Property/jhelum_citi_housing_scheme_luxury_7_marla_house_for_sale_on_investore_rate-54663029-8433-1.html,Jhelum,House
5 Marla House For Sale Citi Housing Jhelum | D Block,2.45 Crore,24500000.0,5.0 Marla,5.0,https://www.zameen.com/Property/jhelum_citi_housing_scheme_5_marla_house_for_sale_citi_housing_jhelum_d_block-54614887-8433-1.html,Jhelum,House
7 Marla House for Sale Citi Housing Jhelum | J Block,2.4 Crore,24000000.0,7.0 Marla,7.0,https://www.zameen.com/Property/jhelum_citi_housing_scheme_7_marla_house_for_sale_citi_housing_jhelum_j_block-54614894-8433-1.html,Jhelum,House
5 Marla Corner House For Sale Citi Housing Jhelum | G Block,2.2 Crore,22000000.0,5.0 Marla,5.0,https://www.zameen.com/Property/jhelum_citi_housing_scheme_5_marla_corner_house_for_sale_citi_housing_jhelum_g_block-54614897-8433-1.html,Jhelum,House
1 Kanal House For Sale Citi Housing Jhelum | A Block,5.95 Crore,59500000.0,1.0 Kanal,20.0,https://www.zameen.com/Property/jhelum_citi_housing_scheme_1_kanal_house_for_sale_citi_housing_jhelum_a_block-54614910-8433-1.html,Jhelum,House
Buying A House In Citi Housing Scheme Jhelum,1.95 Crore,19500000.0,5.0 Marla,5.0,https://www.zameen.com/Property/jhelum_citi_housing_scheme_buying_a_house_in_citi_housing_scheme_jhelum-51676071-8433-1.html,Jhelum,House
5 Marla House In Citi Housing Jhelum,2.0 Crore,20000000.0,5.0 Marla,5.0,https://www.zameen.com/Property/jhelum_citi_housing_scheme_5_marla_house_in_citi_housing_jhelum-52613433-8433-1.html,Jhelum,House
"5 Marla House For Sale In B Block, Citi Housing Jhelum Near Theme Park",2.1 Crore,21000000.0,5.0 Marla,5.0,https://www.zameen.com/Property/jhelum_citi_housing_scheme_5_marla_house_for_sale_in_b_block_citi_housing_jhelum_near_theme_park-52262064-8433-1.html,Jhelum,House
07 Marla Dream Home In Citi Housing Jhelum Prime Location &Amp; Modern Living Awaits!,2.85 Crore,28500000.0,7.0 Marla,7.0,https://www.zameen.com/Property/jhelum_citi_housing_scheme_07_marla_dream_home_in_citi_housing_jhelum_prime_location_amp_modern_living_awaits-51928409-8433-1.html,Jhelum,House
5 Marla Corner Dream Home For Sale In Citi Housing Jhelum,2.2 Crore,22000000.0,5.0 Marla,5.0,https://www.zameen.com/Property/jhelum_citi_housing_scheme_5_marla_corner_dream_home_for_sale_in_citi_housing_jhelum-52613560-8433-1.html,Jhelum,House
House For Sale In Beautiful Citi Housing Scheme,1.55 Crore,15500000.0,5.0 Marla,5.0,https://www.zameen.com/Property/jhelum_citi_housing_scheme_house_for_sale_in_beautiful_citi_housing_scheme-54483576-8433-1.html,Jhelum,House
Own A Piece Of Paradise! Spacious 5 Marla House In Citi Housing Jhelum Offering,2.0 Crore,20000000.0,5.0 Marla,5.0,https://www.zameen.com/Property/jhelum_citi_housing_scheme_own_a_piece_of_paradise_spacious_5_marla_house_in_citi_housing_jhelum_offering-51820199-8433-1.html,Jhelum,House
5 Marla House,1.45 Crore,14500000.0,5.0 Marla,5.0,https://www.zameen.com/Property/citi_housing_overseas_citi_housing_overseas_-_block_a_5_marla_house-53006975-20086-1.html,Jhelum,House
"Newly Built Two Side Open House with Big Garden on the Back, Available for sale in A block on investor rate",2.0 Crore,20000000.0,5.0 Marla,5.0,https://www.zameen.com/Property/jhelum_citi_housing_scheme_newly_built_two_side_open_house_with_big_garden_on_the_back_available_for_sale_in_a_block_on_investor_rate-54575525-8433-1.html,Jhelum,House
5 Marla House For Sale On Investor Rate,1.5 Crore,15000000.0,5.0 Marla,5.0,https://www.zameen.com/Property/jhelum_citi_housing_scheme_5_marla_house_for_sale_on_investor_rate-53309318-8433-1.html,Jhelum,House
House On Instalments Customized Built,1.55 Crore,15500000.0,5.0 Marla,5.0,https://www.zameen.com/Property/jhelum_citi_housing_scheme_house_on_instalments_customized_built-53551702-8433-1.html,Jhelum,House
Newly Built House Available For Sale In D Ext Block,1.55 Crore,15500000.0,5.0 Marla,5.0,https://www.zameen.com/Property/jhelum_citi_housing_scheme_newly_built_house_available_for_sale_in_d_ext_block-54575482-8433-1.html,Jhelum,House
Aristo Spanish Villa For Sale,1.79 Crore,17900000.0,5.0 Marla,5.0,https://www.zameen.com/Property/jhelum_citi_housing_scheme_aristo_spanish_villa_for_sale-53962902-8433-1.html,Jhelum,House
5 Marla D Block Designer Concept House For Sale,1.6 Crore,16000000.0,5.0 Marla,5.0,https://www.zameen.com/Property/jhelum_citi_housing_scheme_5_marla_d_block_designer_concept_house_for_sale-54649736-8433-1.html,Jhelum,House
7 Marla Spanish House For Sale In Citi Housing Jhelum,2.75 Crore,27500000.0,7.0 Marla,7.0,https://www.zameen.com/Property/jhelum_citi_housing_scheme_7_marla_spanish_house_for_sale_in_citi_housing_jhelum-54661453-8433-1.html,Jhelum,House
Beautiful Luxurious Designer House At 1 Kanal,11.3 Crore,113000000.0,1.0 Kanal,20.0,https://www.zameen.com/Property/jhelum_citi_housing_scheme_beautiful_luxurious_designer_house_at_1_kanal-54563344-8433-1.html,Jhelum,House
Citi Housing Jhelum 5bed Rooms 2 Kitchen House Available In Reasonable Price And Location Is So Good,2.2 Crore,22000000.0,7.0 Marla,7.0,https://www.zameen.com/Property/jhelum_citi_housing_scheme_citi_housing_jhelum_5bed_rooms_2_kitchen_house_available_in_reasonable_price_and_location_is_so_good-53280551-8433-1.html,Jhelum,House
A Huge Game Changer House For Citi Housing And One And Only 7 Marla House 6rooms And 2 Kitchen Double Highted,2.65 Crore,26500000.0,7.0 Marla,7.0,https://www.zameen.com/Property/jhelum_citi_housing_scheme_a_huge_game_changer_house_for_citi_housing_and_one_and_only_7_marla_house_6rooms_and_2_kitchen_double_highted-54116597-8433-1.html,Jhelum,House
Buying A House In Citi Housing Scheme?,2.5 Crore,25000000.0,7.0 Marla,7.0,https://www.zameen.com/Property/jhelum_citi_housing_scheme_buying_a_house_in_citi_housing_scheme-47138255-8433-1.html,Jhelum,House
BRAND NEW DESIGNER FULLY FURNISHED,10.45 Crore,104500000.0,1.0 Kanal,20.0,https://www.zameen.com/Property/jhelum_citi_housing_scheme_brand_new_designer_fully_furnished-54440657-8433-1.html,Jhelum,House
5 Marla Beautiful Near To House Available For Sale In Citi Housing Jhelum,2.0 Crore,20000000.0,5.0 Marla,5.0,https://www.zameen.com/Property/jhelum_citi_housing_scheme_5_marla_beautiful_near_to_house_available_for_sale_in_citi_housing_jhelum-52600505-8433-1.html,Jhelum,House
Luxury Villas For Sale In Citi Housing Jhelum | Smart Homes By Lux Apatments With Easy Installment Plans,6.5 Crore,65000000.0,10.0 Marla,10.0,https://www.zameen.com/Property/jhelum_citi_housing_scheme_luxury_villas_for_sale_in_citi_housing_jhelum_smart_homes_by_lux_apatments_with_easy_installment_plans-52016704-8433-1.html,Jhelum,House
5 Marla Luxury Villa For Sale In K Block On Main Boulevard Citi Housing,2.5 Crore,25000000.0,5.0 Marla,5.0,https://www.zameen.com/Property/jhelum_citi_housing_scheme_5_marla_luxury_villa_for_sale_in_k_block_on_main_boulevard_citi_housing-44991394-8433-1.html,Jhelum,House
Aristo Arabian Villa For Sale,1.74 Crore,17400000.0,5.0 Marla,5.0,https://www.zameen.com/Property/jhelum_citi_housing_scheme_aristo_arabian_villa_for_sale-53860954-8433-1.html,Jhelum,House
Prime 7 Marla House For Sale In Citi Housing Jhelum Investor's Dream Opportunity!,2.5 Crore,25000000.0,7.0 Marla,7.0,https://www.zameen.com/Property/jhelum_citi_housing_scheme_prime_7_marla_house_for_sale_in_citi_housing_jhelum_investor_s_dream_opportunity-52281547-8433-1.html,Jhelum,House
A Dram House For Waiting For You 5 Marla Beautiful Fabulous Outstanding Level Spanish House Available For Sale,2.15 Crore,21500000.0,5.0 Marla,5.0,https://www.zameen.com/Property/jhelum_citi_housing_scheme_a_dram_house_for_waiting_for_you_5_marla_beautiful_fabulous_outstanding_level_spanish_house_available_for_sale-54090404-8433-1.html,Jhelum,House
Citi Housing Jhelum The Designers Beautiful Ultra Modern Home Available At Citi Housing Most Popular And Famous And Favourite Block,6.95 Crore,69500000.0,1.0 Kanal,20.0,https://www.zameen.com/Property/jhelum_citi_housing_scheme_citi_housing_jhelum_the_designers_beautiful_ultra_modern_home_available_at_citi_housing_most_popular_and_famous_and_favourite_block-54268679-8433-1.html,Jhelum,House
House On Installments,1.85 Crore,18500000.0,5.0 Marla,5.0,https://www.zameen.com/Property/jhelum_citi_housing_scheme_house_on_installments-54520022-8433-1.html,Jhelum,House
5 Marla House On Easy Installments,1.75 Crore,17500000.0,5.0 Marla,5.0,https://www.zameen.com/Property/jhelum_citi_housing_scheme_5_marla_house_on_easy_installments-53286188-8433-1.html,Jhelum,House
House Is Available For Sale,7.0 Crore,70000000.0,1.0 Kanal,20.0,https://www.zameen.com/Property/jhelum_citi_housing_scheme_house_is_available_for_sale-54520040-8433-1.html,Jhelum,House
House On Installments,1.85 Crore,18500000.0,5.0 Marla,5.0,https://www.zameen.com/Property/jhelum_citi_housing_scheme_house_on_installments-54520025-8433-1.html,Jhelum,House
5 Marla House On Easy Installments For Sale,1.85 Crore,18500000.0,5.0 Marla,5.0,https://www.zameen.com/Property/jhelum_citi_housing_scheme_5_marla_house_on_easy_installments_for_sale-54272747-8433-1.html,Jhelum,House
5 Marla Corner House For Sale In Citi Housinng Jhelum Near Bu Dancing Fountain,2.0 Crore,20000000.0,5.0 Marla,5.0,https://www.zameen.com/Property/jhelum_citi_housing_scheme_5_marla_corner_house_for_sale_in_citi_housinng_jhelum_near_bu_dancing_fountain-54487508-8433-1.html,Jhelum,House
5 Marla Furnished House For Sale B Block Citi Housing Jhelum In An Affordable Price,2.1 Crore,21000000.0,5.0 Marla,5.0,https://www.zameen.com/Property/jhelum_citi_housing_scheme_5_marla_furnished_house_for_sale_b_block_citi_housing_jhelum_in_an_affordable_price-54486991-8433-1.html,Jhelum,House
"5 Marla Brand New Modern Double Heighted House Available For Sale "" Citi Housing Jhelum .",1.65 Crore,16500000.0,5.0 Marla,5.0,https://www.zameen.com/Property/jhelum_citi_housing_scheme_5_marla_brand_new_modern_double_heighted_house_available_for_sale_citi_housing_jhelum-54501417-8433-1.html,Jhelum,House
Premium Owner-Built 5 Marla Corner House | Fully Furnished | Citi Housing Jhelum,1.59 Crore,15900000.0,5.0 Marla,5.0,https://www.zameen.com/Property/jhelum_citi_housing_scheme_premium_owner-built_5_marla_corner_house_fully_furnished_citi_housing_jhelum-54470574-8433-1.html,Jhelum,House
Installment Base Double Unit House Is Available For Sale,3.7 Crore,37000000.0,10.0 Marla,10.0,https://www.zameen.com/Property/jhelum_citi_housing_scheme_installment_base_double_unit_house_is_available_for_sale-54520037-8433-1.html,Jhelum,House
3 Marla Beautiful House (Kareem Pura) Jhelum On Easy Installments For Sale,85.0 Lakh,8500000.0,3.0 Marla,3.0,https://www.zameen.com/Property/jhelum_chakwal_-_jhelum_road_3_marla_beautiful_house_kareem_pura_jhelum_on_easy_installments_for_sale-54272676-13351-1.html,Jhelum,House
5 Marla Elegant Most Popular Most Beautiful House Available Near the Main Entrance Citi Housing Jhelum,2.1 Crore,21000000.0,5.0 Marla,5.0,https://www.zameen.com/Property/jhelum_citi_housing_scheme_5_marla_elegant_most_popular_most_beautiful_house_available_near_the_main_entrance_citi_housing_jhelum-54266527-8433-1.html,Jhelum,House
"1 Kanal Luxurious House For Sale In K Block, Citi Housing Jhelum",4.5 Crore,45000000.0,1.0 Kanal,20.0,https://www.zameen.com/Property/jhelum_citi_housing_scheme_1_kanal_luxurious_house_for_sale_in_k_block_citi_housing_jhelum-52548469-8433-1.html,Jhelum,House
A History Of Citi Housing 7 Marla 6 Bedrooms Home Available Brand New House At Registry'S Area,2.65 Crore,26500000.0,7.0 Marla,7.0,https://www.zameen.com/Property/jhelum_citi_housing_scheme_a_history_of_citi_housing_7_marla_6_bedrooms_home_available_brand_new_house_at_registry_s_area-54266515-8433-1.html,Jhelum,House
5 Marla Fully Furnished House For Sale With 6KV Solar Penal Installed,2.1 Crore,21000000.0,5.0 Marla,5.0,https://www.zameen.com/Property/jhelum_citi_housing_scheme_5_marla_fully_furnished_house_for_sale_with_6kv_solar_penal_installed-54487877-8433-1.html,Jhelum,House
House Is Available For Sale,2.6 Crore,26000000.0,7.0 Marla,7.0,https://www.zameen.com/Property/jhelum_citi_housing_scheme_house_is_available_for_sale-54520032-8433-1.html,Jhelum,House
Modern 2 Bedroom Apartment For Sale In Citi Housing Jhelum,57.5 Lakh,5750000.0,,,https://www.zameen.com/Property/jhelum_citi_housing_scheme_modern_2_bedroom_apartment_for_sale_in_citi_housing_jhelum-52788698-8433-1.html,Jhelum,Flat
Furnished Studio Apartment for Sale Citi Housing Jhelum,28.0 Lakh,2800000.0,,,https://www.zameen.com/Property/jhelum_citi_housing_scheme_furnished_studio_apartment_for_sale_citi_housing_jhelum-52788762-8433-1.html,Jhelum,Flat
2 Bed Furnished Flat Transferable For Sale,48.0 Lakh,4800000.0,,,https://www.zameen.com/Property/jhelum_citi_housing_scheme_2_bed_furnished_flat_transferable_for_sale-54209591-8433-1.html,Jhelum,Flat
Furnished Studio Apartment for Sale with Transfer Letter in Citi Housing Jhelum Prime Location & Ready to Move,35.0 Lakh,3500000.0,,,https://www.zameen.com/Property/jhelum_citi_housing_scheme_furnished_studio_apartment_for_sale_with_transfer_letter_in_citi_housing_jhelum_prime_location_ready_to_move-52085259-8433-1.html,Jhelum,Flat
Studio Apartment For Sale In Citi Housing Jhelum Ideal For Investment Or Living,35.0 Lakh,3500000.0,,,https://www.zameen.com/Property/jhelum_citi_housing_scheme_studio_apartment_for_sale_in_citi_housing_jhelum_ideal_for_investment_or_living-52661102-8433-1.html,Jhelum,Flat
Modern 2-Bed Flat With Elegant Interior | 600 Sqft Flat For Sale,60.0 Lakh,6000000.0,,,https://www.zameen.com/Property/jhelum_citi_housing_scheme_modern_2-bed_flat_with_elegant_interior_600_sqft_flat_for_sale-53418746-8433-1.html,Jhelum,Flat
Corner 10 Marla 60 Feet Road Main Sialkot Road,3.5 Crore,35000000.0,10.0 Marla,10.0,https://www.zameen.com/Property/wazirabad_sialkot_road_corner_10_marla_60_feet_road_main_sialkot_road-54399782-6440-1.html,Wazirabad,House
